<?xml version="1.0" encoding="UTF-8"?>
<metadata xml:lang="zh"><Esri><CreaDate>20170307</CreaDate><CreaTime>19370400</CreaTime><ArcGISFormat>1.0</ArcGISFormat><SyncOnce>TRUE</SyncOnce><DataProperties><itemProps><itemLocation><linkage Sync="TRUE">file://\\DELL-PC\D$\~下载文件\中国基础数据\省界_region</linkage><protocol Sync="TRUE">Local Area Network</protocol></itemLocation></itemProps><copyHistory><copy source="H:\3.矢量数据_常用\边界与行政区\中国省界\省界_region" dest="\\DELL-PC\D$\~下载文件\中国基础数据\省界_region" date="20170307" time="19370400"></copy></copyHistory></DataProperties></Esri></metadata>
